{"blocks":[{"x":1300,"y":-130,"text":"Начиная с max_diff_cell,\nвыбрав одно из двух\nвозможных направлений\nобхода контура, прону-\nмеруем вершины конту-\nра натуральными числами","width":200,"height":120,"type":"Блок","isMenuBlock":false,"fontSize":14,"textHeight":14,"isBold":false,"isItalic":false,"textAlign":"center","labelsPosition":1},{"x":860,"y":-230,"text":"Начало","width":200,"height":30,"type":"Начало / конец","isMenuBlock":false,"fontSize":14,"textHeight":14,"isBold":false,"isItalic":false,"textAlign":"center","labelsPosition":1},{"x":1080,"y":-130,"text":"Ищем замкнутый контур по-\nсредством функции\nget_cell_cycle","width":200,"height":120,"type":"Блок","isMenuBlock":false,"fontSize":14,"textHeight":14,"isBold":false,"isItalic":false,"textAlign":"center","labelsPosition":1},{"x":860,"y":-130,"text":"Вычисляем ту компоненту\nтекущей точки, которой со-\nответствует наибольшее\nзначение выражения\n( v[ j ] - u[ i ] ) - c[ i , j ]\n(обозначим эту компоненту\nmax_diff_cell)","width":200,"height":120,"type":"Блок","isMenuBlock":false,"fontSize":14,"textHeight":14,"isBold":false,"isItalic":false,"textAlign":"center","labelsPosition":1},{"x":1520,"y":-130,"text":"Среди компонент контура\nс чётными номерами выбе-\nрем наименьшую и обозна-\nчим её min_cell","width":200,"height":120,"type":"Блок","isMenuBlock":false,"fontSize":14,"textHeight":14,"isBold":false,"isItalic":false,"textAlign":"center","labelsPosition":1},{"x":1520,"y":80,"text":"Компонентам контура, име-\nющим нечетные номера,\nприбавляем значение ком-\nпоненты min_cell, а из имею-\nщих нечетные номера вычи-\nтаем значение компоненты\nmin_cell","width":200,"height":120,"type":"Блок","isMenuBlock":false,"fontSize":14,"textHeight":14,"isBold":false,"isItalic":false,"textAlign":"center","labelsPosition":1},{"x":1300,"y":80,"text":"Среди нулевых компонент\nконтура (исключая из рас-\nсмотрения max_diff_cell,\nесли она нулевая), ищем\nту, которой соответствует\nнаименьшая стоимость, и\nудаляем её из basis","width":200,"height":120,"type":"Блок","isMenuBlock":false,"fontSize":14,"textHeight":14,"isBold":false,"isItalic":false,"textAlign":"center","labelsPosition":1},{"x":1530,"y":-10,"text":"После выполнения данного\nшага мы фактически перейдём\nв следующую точку","width":210,"height":60,"type":"Текст / комментарий","isMenuBlock":false,"fontSize":14,"textHeight":14,"isBold":false,"isItalic":false,"textAlign":"center","labelsPosition":1},{"x":1080,"y":80,"text":"Добавляем компоненту\nmax_diff_cell в basis","width":200,"height":120,"type":"Блок","isMenuBlock":false,"fontSize":14,"textHeight":14,"isBold":false,"isItalic":false,"textAlign":"center","labelsPosition":1},{"x":860,"y":80,"text":"Конец","width":200,"height":30,"type":"Начало / конец","isMenuBlock":false,"fontSize":14,"textHeight":14,"isBold":false,"isItalic":false,"textAlign":"center","labelsPosition":1},{"x":1080,"y":-10,"text":"После выполнения данного\nшага мы фактически вычислим\nбазис новой точки","width":210,"height":60,"type":"Текст / комментарий","isMenuBlock":false,"fontSize":14,"textHeight":14,"isBold":false,"isItalic":false,"textAlign":"center","labelsPosition":1}],"arrows":[{"startIndex":3,"endIndex":2,"startConnectorIndex":1,"endConnectorIndex":3,"nodes":[{"x":960,"y":-130},{"x":960,"y":-130},{"x":980,"y":-130}],"counts":[1,1,1]},{"startIndex":2,"endIndex":0,"startConnectorIndex":1,"endConnectorIndex":3,"nodes":[{"x":1180,"y":-130},{"x":1180,"y":-130},{"x":1200,"y":-130}],"counts":[1,1,1]},{"startIndex":1,"endIndex":3,"startConnectorIndex":2,"endConnectorIndex":0,"nodes":[{"x":860,"y":-215},{"x":860,"y":-210},{"x":860,"y":-190}],"counts":[1,1,1]},{"startIndex":5,"endIndex":6,"startConnectorIndex":3,"endConnectorIndex":1,"nodes":[{"x":1420,"y":80},{"x":1420,"y":80},{"x":1400,"y":80}],"counts":[1,1,1]},{"startIndex":0,"endIndex":4,"startConnectorIndex":1,"endConnectorIndex":3,"nodes":[{"x":1400,"y":-130},{"x":1400,"y":-130},{"x":1420,"y":-130}],"counts":[1,1,1]},{"startIndex":4,"endIndex":5,"startConnectorIndex":1,"endConnectorIndex":1,"nodes":[{"x":1620,"y":-130},{"x":1640,"y":-130},{"x":1640,"y":80},{"x":1620,"y":80}],"counts":[1,1,1,1]},{"startIndex":6,"endIndex":8,"startConnectorIndex":3,"endConnectorIndex":1,"nodes":[{"x":1200,"y":80},{"x":1200,"y":80},{"x":1180,"y":80}],"counts":[1,1,1]},{"startIndex":8,"endIndex":9,"startConnectorIndex":3,"endConnectorIndex":1,"nodes":[{"x":980,"y":80},{"x":980,"y":80},{"x":960,"y":80}],"counts":[1,1,1]}],"x0":-92,"y0":267.5}