{"blocks":[{"x":550,"y":120,"text":"Начало","width":100,"height":30,"type":"Начало / конец","isMenuBlock":false,"fontSize":14,"textHeight":14,"isBold":false,"isItalic":false,"textAlign":"center","labelsPosition":1},{"x":550,"y":180,"text":"Вычисление\nвекторов u, v","width":120,"height":40,"type":"Блок","isMenuBlock":false,"fontSize":14,"textHeight":14,"isBold":false,"isItalic":false,"textAlign":"center","labelsPosition":1},{"x":550,"y":270,"text":"Критерий оптималь-\nности выполнен?","width":240,"height":100,"type":"Условие","isMenuBlock":false,"fontSize":14,"textHeight":14,"isBold":false,"isItalic":false,"textAlign":"center","labelsPosition":0},{"x":540,"y":330,"text":"Да","width":40,"height":20,"type":"Текст / комментарий","isMenuBlock":false,"fontSize":14,"textHeight":14,"isBold":false,"isItalic":false,"textAlign":"left","labelsPosition":1},{"x":690,"y":260,"text":"Нет","width":40,"height":20,"type":"Текст / комментарий","isMenuBlock":false,"fontSize":14,"textHeight":14,"isBold":false,"isItalic":false,"textAlign":"left","labelsPosition":1},{"x":550,"y":370,"text":"Конец","width":100,"height":30,"type":"Начало / конец","isMenuBlock":false,"fontSize":14,"textHeight":14,"isBold":false,"isItalic":false,"textAlign":"center","labelsPosition":1},{"x":820,"y":270,"text":"Вызов функции\nget_next_point","width":180,"height":40,"type":"Блок","isMenuBlock":false,"fontSize":14,"textHeight":14,"isBold":false,"isItalic":false,"textAlign":"center","labelsPosition":1}],"arrows":[{"startIndex":0,"endIndex":1,"startConnectorIndex":2,"endConnectorIndex":0,"nodes":[{"x":550,"y":135},{"x":550,"y":140},{"x":550,"y":160}],"counts":[1,1,1]},{"startIndex":1,"endIndex":2,"startConnectorIndex":2,"endConnectorIndex":0,"nodes":[{"x":550,"y":200},{"x":550,"y":200},{"x":550,"y":220}],"counts":[1,1,1]},{"startIndex":2,"endIndex":5,"startConnectorIndex":2,"endConnectorIndex":0,"nodes":[{"x":550,"y":320},{"x":550,"y":340},{"x":550,"y":355}],"counts":[1,1,1]},{"startIndex":2,"endIndex":6,"startConnectorIndex":1,"endConnectorIndex":3,"nodes":[{"x":670,"y":270},{"x":710,"y":270},{"x":730,"y":270}],"counts":[1,1,1]},{"startIndex":6,"endIndex":1,"startConnectorIndex":1,"endConnectorIndex":1,"nodes":[{"x":910,"y":270},{"x":930,"y":270},{"x":930,"y":180},{"x":630,"y":180},{"x":610,"y":180}],"counts":[1,1,1,1,1]}],"x0":-52,"y0":77.5}