{"blocks":[{"x":840,"y":70,"text":"a[p] = a[p] - x[p, c],\n\nb[c] = b[c] - x[p, c] ","width":180,"height":60,"type":"Блок","isMenuBlock":false,"fontSize":14,"textHeight":14,"isBold":false,"isItalic":false,"textAlign":"center","labelsPosition":1},{"x":840,"y":160,"text":"a[p] = 0","width":100,"height":80,"type":"Условие","isMenuBlock":false,"fontSize":14,"textHeight":14,"isBold":false,"isItalic":false,"textAlign":"center","labelsPosition":0},{"x":1010,"y":160,"text":"b[c] = 0","width":100,"height":80,"type":"Условие","isMenuBlock":false,"fontSize":14,"textHeight":14,"isBold":false,"isItalic":false,"textAlign":"center","labelsPosition":0},{"x":1030,"y":210,"text":"Нет","width":40,"height":20,"type":"Текст / комментарий","isMenuBlock":false,"fontSize":14,"textHeight":14,"isBold":false,"isItalic":false,"textAlign":"left","labelsPosition":1},{"x":820,"y":210,"text":"Нет","width":40,"height":20,"type":"Текст / комментарий","isMenuBlock":false,"fontSize":14,"textHeight":14,"isBold":false,"isItalic":false,"textAlign":"left","labelsPosition":1},{"x":910,"y":150,"text":"Да","width":40,"height":20,"type":"Текст / комментарий","isMenuBlock":false,"fontSize":14,"textHeight":14,"isBold":false,"isItalic":false,"textAlign":"left","labelsPosition":1},{"x":840,"y":520,"text":"Конец","width":100,"height":30,"type":"Начало / конец","isMenuBlock":false,"fontSize":14,"textHeight":14,"isBold":false,"isItalic":false,"textAlign":"center","labelsPosition":1},{"x":840,"y":440,"text":"(p > n) || (c > m)","width":180,"height":80,"type":"Условие","isMenuBlock":false,"fontSize":14,"textHeight":14,"isBold":false,"isItalic":false,"textAlign":"center","labelsPosition":0},{"x":830,"y":490,"text":"Да","width":40,"height":20,"type":"Текст / комментарий","isMenuBlock":false,"fontSize":14,"textHeight":14,"isBold":false,"isItalic":false,"textAlign":"left","labelsPosition":1},{"x":950,"y":430,"text":"Нет","width":40,"height":20,"type":"Текст / комментарий","isMenuBlock":false,"fontSize":14,"textHeight":14,"isBold":false,"isItalic":false,"textAlign":"left","labelsPosition":1},{"x":840,"y":-210,"text":"Начало","width":100,"height":30,"type":"Начало / конец","isMenuBlock":false,"fontSize":14,"textHeight":14,"isBold":false,"isItalic":false,"textAlign":"center","labelsPosition":1},{"x":840,"y":-150,"text":"p = 1, c = 1","width":100,"height":40,"type":"Блок","isMenuBlock":false,"fontSize":14,"textHeight":14,"isBold":false,"isItalic":false,"textAlign":"center","labelsPosition":1},{"x":1080,"y":150,"text":"Да","width":40,"height":20,"type":"Текст / комментарий","isMenuBlock":false,"fontSize":14,"textHeight":14,"isBold":false,"isItalic":false,"textAlign":"left","labelsPosition":1},{"x":1170,"y":330,"text":"p = p + 1,\nc = c + 1 ","width":80,"height":40,"type":"Блок","isMenuBlock":false,"fontSize":14,"textHeight":14,"isBold":false,"isItalic":false,"textAlign":"center","labelsPosition":1},{"x":840,"y":330,"text":"c = c + 1","width":80,"height":40,"type":"Блок","isMenuBlock":false,"fontSize":14,"textHeight":14,"isBold":false,"isItalic":false,"textAlign":"center","labelsPosition":1},{"x":1010,"y":330,"text":"p = p + 1","width":80,"height":40,"type":"Блок","isMenuBlock":false,"fontSize":14,"textHeight":14,"isBold":false,"isItalic":false,"textAlign":"center","labelsPosition":1},{"x":840,"y":-80,"text":"x1[p, c] = min { a[p], b[c] }","width":180,"height":40,"type":"Блок","isMenuBlock":false,"fontSize":14,"textHeight":14,"isBold":false,"isItalic":false,"textAlign":"center","labelsPosition":1},{"x":840,"y":-10,"text":"Добавить клетку\n(p, c) в basis","width":120,"height":60,"type":"Блок","isMenuBlock":false,"fontSize":14,"textHeight":14,"isBold":false,"isItalic":false,"textAlign":"center","labelsPosition":1},{"x":1170,"y":260,"text":"Добавить клетку\n(p, c+1) в basis","width":140,"height":40,"type":"Блок","isMenuBlock":false,"fontSize":14,"textHeight":14,"isBold":false,"isItalic":false,"textAlign":"center","labelsPosition":1}],"arrows":[{"startIndex":10,"endIndex":11,"startConnectorIndex":2,"endConnectorIndex":0,"nodes":[{"x":840,"y":-195},{"x":840,"y":-190},{"x":840,"y":-170}],"counts":[1,1,1]},{"startIndex":0,"endIndex":1,"startConnectorIndex":2,"endConnectorIndex":0,"nodes":[{"x":840,"y":100},{"x":840,"y":100},{"x":840,"y":120}],"counts":[1,1,1]},{"startIndex":11,"endIndex":16,"startConnectorIndex":2,"endConnectorIndex":0,"nodes":[{"x":840,"y":-130},{"x":840,"y":-120},{"x":840,"y":-100}],"counts":[1,1,1]},{"startIndex":2,"endIndex":15,"startConnectorIndex":2,"endConnectorIndex":0,"nodes":[{"x":1010,"y":200},{"x":1010,"y":290},{"x":1010,"y":310}],"counts":[1,1,1]},{"startIndex":1,"endIndex":14,"startConnectorIndex":2,"endConnectorIndex":0,"nodes":[{"x":840,"y":200},{"x":840,"y":290},{"x":840,"y":310}],"counts":[1,1,1]},{"startIndex":1,"endIndex":2,"startConnectorIndex":1,"endConnectorIndex":3,"nodes":[{"x":890,"y":160},{"x":940,"y":160},{"x":960,"y":160}],"counts":[1,1,1]},{"startIndex":7,"endIndex":6,"startConnectorIndex":2,"endConnectorIndex":0,"nodes":[{"x":840,"y":480},{"x":840,"y":490},{"x":840,"y":505}],"counts":[1,1,1]},{"startIndex":16,"endIndex":17,"startConnectorIndex":2,"endConnectorIndex":0,"nodes":[{"x":840,"y":-60},{"x":840,"y":-60},{"x":840,"y":-40}],"counts":[1,1,1]},{"startIndex":17,"endIndex":0,"startConnectorIndex":2,"endConnectorIndex":0,"nodes":[{"x":840,"y":20},{"x":840,"y":20},{"x":840,"y":40}],"counts":[1,1,1]},{"startIndex":7,"endIndex":16,"startConnectorIndex":1,"endConnectorIndex":1,"nodes":[{"x":930,"y":440},{"x":1300,"y":440},{"x":1300,"y":-80},{"x":930,"y":-80}],"counts":[1,1,1,1]},{"startIndex":18,"endIndex":13,"startConnectorIndex":2,"endConnectorIndex":0,"nodes":[{"x":1170,"y":280},{"x":1170,"y":290},{"x":1170,"y":310}],"counts":[1,1,1]},{"startIndex":2,"endIndex":18,"startConnectorIndex":1,"endConnectorIndex":0,"nodes":[{"x":1060,"y":160},{"x":1170,"y":160},{"x":1170,"y":240}],"counts":[1,1,1]},{"startIndex":13,"endIndex":7,"startConnectorIndex":2,"endConnectorIndex":0,"nodes":[{"x":1170,"y":350},{"x":1170,"y":380},{"x":840,"y":380},{"x":840,"y":400}],"counts":[1,1,1,1]},{"startIndex":14,"endIndex":7,"startConnectorIndex":2,"endConnectorIndex":0,"nodes":[{"x":840,"y":350},{"x":840,"y":380},{"x":840,"y":400}],"counts":[1,1,1]},{"startIndex":15,"endIndex":7,"startConnectorIndex":2,"endConnectorIndex":0,"nodes":[{"x":1010,"y":350},{"x":1010,"y":380},{"x":840,"y":380},{"x":840,"y":400}],"counts":[1,1,1,1]}],"x0":-72,"y0":87.5}